{
  "model": "gpt-5-mini",
  "max_history_turns": 12,
  "evaluated_at": "2025-12-18T14:05:16.556020",
  "per_fold": {
    "fold_0": {
      "accuracy": 0.1566925536774783,
      "macro_f1": 0.10476481415877899,
      "weighted_f1": 0.14255464082106778,
      "top3_accuracy": 0.2594792142530836,
      "cum70": 0.5399725902238465,
      "invalid_rate": 0.0031978072179077205,
      "num_valid": 2182,
      "num_total": 2189
    },
    "fold_1": {
      "accuracy": 0.12743549236440233,
      "macro_f1": 0.07820438636606987,
      "weighted_f1": 0.11304775395797892,
      "top3_accuracy": 0.23959978936282253,
      "cum70": 0.6076882569773565,
      "invalid_rate": 0.0026329647182727752,
      "num_valid": 1894,
      "num_total": 1899
    },
    "fold_2": {
      "accuracy": 0.1383147853736089,
      "macro_f1": 0.09874930020978614,
      "weighted_f1": 0.13077793566098977,
      "top3_accuracy": 0.2480127186009539,
      "cum70": 0.5156332803391627,
      "invalid_rate": 0.0021197668256491787,
      "num_valid": 1883,
      "num_total": 1887
    },
    "fold_3": {
      "accuracy": 0.16436903499469777,
      "macro_f1": 0.09489664793062799,
      "weighted_f1": 0.15177193278058707,
      "top3_accuracy": 0.27836691410392367,
      "cum70": 0.5705196182396607,
      "invalid_rate": 0.0021208907741251328,
      "num_valid": 1882,
      "num_total": 1886
    },
    "fold_4": {
      "accuracy": 0.13446168312176776,
      "macro_f1": 0.07882815683050787,
      "weighted_f1": 0.1214342610071882,
      "top3_accuracy": 0.2463563704748472,
      "cum70": 0.5181006111894687,
      "invalid_rate": 0.0023507287259050304,
      "num_valid": 2122,
      "num_total": 2127
    }
  },
  "aggregated": {
    "accuracy": {
      "mean": 0.14425470990639103,
      "std": 0.013952477824503408
    },
    "macro_f1": {
      "mean": 0.09108866109915417,
      "std": 0.010738229073002646
    },
    "weighted_f1": {
      "mean": 0.13191730484556236,
      "std": 0.013961457574688786
    },
    "top3_accuracy": {
      "mean": 0.25436300135912615,
      "std": 0.013599618517515717
    },
    "cum70": {
      "mean": 0.5503828713938991,
      "std": 0.03477771742600868
    },
    "invalid_rate": {
      "mean": 0.0024844316523719677,
      "std": 0.00040348126294052707
    }
  }
}